<?xml version="1.0" encoding="UTF-8"?>
<con:soapui-project id="bbd5a14e-fa7e-4683-aa1e-090c1e433ed1" activeEnvironment="Default" name="REST Project 2" resourceRoot="${projectDir}" soapui-version="5.6.0" abortOnError="false" runType="SEQUENTIAL" xmlns:con="http://eviware.com/soapui/config"><con:settings/><con:interface xsi:type="con:RestService" id="8e63dbcb-f54b-49b6-9fd2-1cd8c05ff0cb" wadlVersion="http://wadl.dev.java.net/2009/02" name="https://petstore.swagger.io" type="rest" xmlns:xsi="http://www.w3.org/2001/XMLSchema-instance"><con:settings/><con:definitionCache type="TEXT" rootPart=""/><con:endpoints><con:endpoint>https://petstore.swagger.io</con:endpoint></con:endpoints><con:resource name="" path="/v2/pet/findByStatus" id="15b68b96-78c0-425e-9c0f-acebada2b17e"><con:settings/><con:parameters><con:parameter><con:name>?status</con:name><con:value/><con:style>TEMPLATE</con:style><con:default/><con:description xsi:nil="true"/></con:parameter><con:parameter><con:name>status</con:name><con:style>QUERY</con:style></con:parameter></con:parameters><con:method name="GET" id="d625d300-7e6d-4fcf-9f32-0399cbb5cd31" method="GET"><con:settings/><con:parameters/><con:representation type="RESPONSE"><con:mediaType>text/html</con:mediaType><con:status>200</con:status><con:params/><con:element>html</con:element></con:representation><con:representation type="FAULT"><con:mediaType>text/html</con:mediaType><con:status>404</con:status><con:params/><con:element>html</con:element></con:representation><con:representation type="FAULT"><con:mediaType>application/json</con:mediaType><con:status>404</con:status><con:params/><con:element xmlns:fin="https://petstore.swagger.io/pet/findPetsByStatus">fin:Fault</con:element></con:representation><con:representation type="RESPONSE"><con:mediaType>application/json</con:mediaType><con:status>200</con:status><con:params/><con:element>Response</con:element></con:representation><con:request name="GET" id="5c0b0f7a-58be-4205-92bd-27e526324761" mediaType="application/json"><con:settings><con:setting id="com.eviware.soapui.impl.wsdl.WsdlRequest@request-headers">&lt;xml-fragment/></con:setting></con:settings><con:endpoint>https://petstore.swagger.io</con:endpoint><con:request/><con:originalUri>https://petstore.swagger.io/pet/findPetsByStatus</con:originalUri><con:credentials><con:authType>No Authorization</con:authType></con:credentials><con:jmsConfig JMSDeliveryMode="PERSISTENT"/><con:jmsPropertyConfig/><con:parameters><entry key="status" value="sold" xmlns="http://eviware.com/soapui/config"/></con:parameters><con:parameterOrder><con:entry>?status</con:entry></con:parameterOrder></con:request></con:method></con:resource></con:interface><con:interface xsi:type="con:RestService" id="e643ab89-9c4f-41bc-9d70-74ba630801c2" wadlVersion="http://wadl.dev.java.net/2009/02" name="https://petstore.swagger.io" type="rest" xmlns:xsi="http://www.w3.org/2001/XMLSchema-instance"><con:settings/><con:definitionCache/><con:endpoints><con:endpoint>https://petstore.swagger.io</con:endpoint></con:endpoints><con:resource name="" path="/v2/pet" id="79ff6d07-9136-40b6-9699-b26d83f003b7"><con:settings/><con:parameters/><con:method name="POST" id="162dfa89-ccd8-4fda-a4b4-c4f5bcd62c87" method="POST"><con:settings/><con:parameters/><con:representation type="REQUEST"><con:mediaType>application/json</con:mediaType><con:params/></con:representation><con:representation type="RESPONSE"><con:mediaType>application/json</con:mediaType><con:status>200</con:status><con:params/><con:element xmlns:pet="https://petstore.swagger.io/v2/pet">pet:Response</con:element></con:representation><con:request name="POST" id="223e6fd4-adaf-4cca-9fda-6876e3abf5e3" mediaType="application/json" postQueryString="false"><con:settings><con:setting id="com.eviware.soapui.impl.wsdl.WsdlRequest@request-headers">&lt;xml-fragment/></con:setting></con:settings><con:endpoint>https://petstore.swagger.io</con:endpoint><con:request>{"id": 0,
  "category": {
    "id": "${#TestSuite#id}",
    "name": "${#TestSuite#name}"
  },
  "name": "doggie",
  "photoUrls": [
    "string"
  ],
  
  "tags": [
    {
      "id": "${#TestSuite#tagid}",
      "name": "${#TestSuite#tagname}"
    }
  ],
  "status": "${#TestSuite#status}"
}</con:request><con:originalUri>https://petstore.swagger.io/v2/pet</con:originalUri><con:credentials><con:authType>No Authorization</con:authType></con:credentials><con:jmsConfig JMSDeliveryMode="PERSISTENT"/><con:jmsPropertyConfig/><con:parameters/></con:request></con:method></con:resource></con:interface><con:interface xsi:type="con:RestService" id="30cc49af-8806-4fd5-8508-4c960581b5c0" wadlVersion="http://wadl.dev.java.net/2009/02" name="https://petstore.swagger.io" type="rest" xmlns:xsi="http://www.w3.org/2001/XMLSchema-instance"><con:settings/><con:definitionCache/><con:endpoints><con:endpoint>https://petstore.swagger.io</con:endpoint></con:endpoints><con:resource name="" path="/v2/pet" id="29570e26-fac9-48e3-a5c7-90f9c03e102d"><con:settings/><con:parameters/><con:method name="PUT" id="fc5e37f4-f1ac-4abf-95e1-9f5d71a7dca1" method="PUT"><con:settings/><con:parameters/><con:representation type="RESPONSE"><con:mediaType>application/json</con:mediaType><con:status>200</con:status><con:params/><con:element xmlns:pet="https://petstore.swagger.io/v2/pet">pet:Response</con:element></con:representation><con:representation type="REQUEST"><con:mediaType>application/json</con:mediaType><con:params/></con:representation><con:request name="PUT" id="bebe8028-2192-4711-8784-495f9755a32a" mediaType="application/json" postQueryString="false"><con:settings><con:setting id="com.eviware.soapui.impl.wsdl.WsdlRequest@request-headers">&lt;xml-fragment/></con:setting></con:settings><con:endpoint>https://petstore.swagger.io</con:endpoint><con:request/><con:credentials><con:authType>No Authorization</con:authType></con:credentials><con:jmsConfig JMSDeliveryMode="PERSISTENT"/><con:jmsPropertyConfig/><con:parameters/></con:request></con:method></con:resource></con:interface><con:interface xsi:type="con:RestService" id="1d2a13cd-3f3f-4742-8e4f-a1899c22c600" wadlVersion="http://wadl.dev.java.net/2009/02" name="https://petstore.swagger.io" type="rest" xmlns:xsi="http://www.w3.org/2001/XMLSchema-instance"><con:settings/><con:definitionCache/><con:endpoints><con:endpoint>https://petstore.swagger.io</con:endpoint></con:endpoints><con:resource name="" path="/v2/pet/2{id}" id="816a09b4-40a6-46f3-8520-541c82fea224"><con:settings/><con:parameters><con:parameter><con:name>id</con:name><con:value/><con:style>TEMPLATE</con:style><con:default/><con:description xsi:nil="true"/></con:parameter></con:parameters><con:method name="DELETE" id="ad6318ad-9e8f-4fa1-a6a4-9a12c0aeb085" method="DELETE"><con:settings/><con:parameters/><con:representation type="FAULT"><con:mediaType xsi:nil="true"/><con:status>404</con:status><con:params/><con:element>data</con:element></con:representation><con:representation type="REQUEST"><con:mediaType>application/json</con:mediaType><con:params/></con:representation><con:representation type="FAULT"><con:mediaType>application/json</con:mediaType><con:status>404</con:status><con:params/><con:element xmlns:ns="https://petstore.swagger.io/v2/pet/2">ns:Fault</con:element></con:representation><con:representation type="FAULT"><con:mediaType xsi:nil="true"/><con:status>404</con:status><con:params/><con:element>data</con:element></con:representation><con:representation type="FAULT"><con:mediaType xsi:nil="true"/><con:status>404</con:status><con:params/><con:element>data</con:element></con:representation><con:representation type="FAULT"><con:mediaType xsi:nil="true"/><con:status>404</con:status><con:params/><con:element>data</con:element></con:representation><con:representation type="FAULT"><con:mediaType xsi:nil="true"/><con:status>404</con:status><con:params/><con:element>data</con:element></con:representation><con:representation type="FAULT"><con:mediaType xsi:nil="true"/><con:status>404</con:status><con:params/><con:element>data</con:element></con:representation><con:representation type="FAULT"><con:mediaType xsi:nil="true"/><con:status>404</con:status><con:params/><con:element>data</con:element></con:representation><con:request name="DELETE" id="4ce177e6-8cc6-42af-acaf-909407df1b0d" mediaType="application/json" postQueryString="false"><con:settings><con:setting id="com.eviware.soapui.impl.wsdl.WsdlRequest@request-headers">&lt;xml-fragment/></con:setting></con:settings><con:endpoint>https://petstore.swagger.io</con:endpoint><con:request/><con:originalUri>https://petstore.swagger.io/v2/pet/2</con:originalUri><con:credentials><con:authType>No Authorization</con:authType></con:credentials><con:jmsConfig JMSDeliveryMode="PERSISTENT"/><con:jmsPropertyConfig/><con:parameters><entry key="id" value="${#TestSuite#deleteid}" xmlns="http://eviware.com/soapui/config"/></con:parameters><con:parameterOrder><con:entry>id</con:entry></con:parameterOrder></con:request></con:method></con:resource></con:interface><con:testSuite id="f018cab9-060e-4717-9782-70fe44495723" name="TestSuite"><con:settings/><con:runType>SEQUENTIAL</con:runType><con:testCase id="65e94ec5-36c7-4c91-b0ed-be3c92b7c049" failOnError="true" failTestCaseOnErrors="true" keepSession="false" maxResults="0" name="TestCase" searchProperties="true"><con:settings/><con:testStep type="restrequest" name="GET" id="f8d327a6-0353-48b5-80b0-2b4d1672909f"><con:settings/><con:config service="https://petstore.swagger.io" resourcePath="/v2/pet/findByStatus" methodName="GET" xsi:type="con:RestRequestStep" xmlns:xsi="http://www.w3.org/2001/XMLSchema-instance"><con:restRequest name="GET" id="5c0b0f7a-58be-4205-92bd-27e526324761" mediaType="application/json"><con:settings><con:setting id="com.eviware.soapui.impl.wsdl.WsdlRequest@request-headers">&lt;xml-fragment/></con:setting></con:settings><con:endpoint>https://petstore.swagger.io</con:endpoint><con:request/><con:originalUri>https://petstore.swagger.io/pet/findPetsByStatus</con:originalUri><con:assertion type="JsonPath Match" id="1d987ba0-ba10-48ec-8437-5c5b6494f9f2" name="JsonPath Match"><con:configuration/></con:assertion><con:credentials><con:authType>No Authorization</con:authType></con:credentials><con:jmsConfig JMSDeliveryMode="PERSISTENT"/><con:jmsPropertyConfig/><con:parameters><entry key="status" value="${#TestSuite#status}" xmlns="http://eviware.com/soapui/config"/></con:parameters><con:parameterOrder><con:entry>?status</con:entry></con:parameterOrder></con:restRequest></con:config></con:testStep><con:testStep type="restrequest" name="POST" id="214d1729-7aa0-4ce4-a720-003e0875b653"><con:settings/><con:config service="https://petstore.swagger.io" resourcePath="/v2/pet" methodName="POST" xsi:type="con:RestRequestStep" xmlns:xsi="http://www.w3.org/2001/XMLSchema-instance"><con:restRequest name="POST" id="223e6fd4-adaf-4cca-9fda-6876e3abf5e3" mediaType="application/json" postQueryString="false"><con:settings><con:setting id="com.eviware.soapui.impl.wsdl.WsdlRequest@request-headers">&lt;xml-fragment/></con:setting></con:settings><con:endpoint>https://petstore.swagger.io</con:endpoint><con:request>{"id": "${#TestSuite#aid}",
  "category": {
    "id": "${#TestSuite#id}",
    "name": "${#TestSuite#name}"
  },
  "name": "doggie",
  "photoUrls": [
    "string"
  ],
  
  "tags": [
    {
      "id": "${#TestSuite#tagid}",
      "name": "${#TestSuite#tagname}"
    }
  ],
  "status": "${#TestSuite#status}"
}</con:request><con:originalUri>https://petstore.swagger.io/v2/pet</con:originalUri><con:credentials><con:authType>No Authorization</con:authType></con:credentials><con:jmsConfig JMSDeliveryMode="PERSISTENT"/><con:jmsPropertyConfig/><con:parameters/></con:restRequest></con:config></con:testStep><con:testStep type="restrequest" name="PUT" id="a5976643-c88c-4205-9742-380e4661fcf3"><con:settings/><con:config service="https://petstore.swagger.io" resourcePath="/v2/pet" methodName="PUT" xsi:type="con:RestRequestStep" xmlns:xsi="http://www.w3.org/2001/XMLSchema-instance"><con:restRequest name="PUT" id="bebe8028-2192-4711-8784-495f9755a32a" mediaType="application/json" postQueryString="false"><con:settings><con:setting id="com.eviware.soapui.impl.wsdl.WsdlRequest@request-headers">&lt;xml-fragment/></con:setting></con:settings><con:endpoint>https://petstore.swagger.io</con:endpoint><con:request>{"id": 0,
  "category": {
    "id": "${#TestSuite#id}",
    "name": "${#TestSuite#name}"
  },
  "name": "doggie",
  "photoUrls": [
    "string"
  ],
  
  "tags": [
    {
      "id": "${#TestSuite#tagid}",
      "name": "${#TestSuite#tagname}"
    }
  ],
  "status": "${#TestSuite#status}"
}</con:request><con:originalUri>https://petstore.swagger.io/v2/pet</con:originalUri><con:credentials><con:authType>No Authorization</con:authType></con:credentials><con:jmsConfig JMSDeliveryMode="PERSISTENT"/><con:jmsPropertyConfig/><con:parameters/></con:restRequest></con:config></con:testStep><con:testStep type="restrequest" name="DELETE" id="72ecf243-50fd-4409-a0c9-4141a27b4616"><con:settings/><con:config service="https://petstore.swagger.io" resourcePath="/v2/pet/2{id}" methodName="DELETE" xsi:type="con:RestRequestStep" xmlns:xsi="http://www.w3.org/2001/XMLSchema-instance"><con:restRequest name="DELETE" id="4ce177e6-8cc6-42af-acaf-909407df1b0d" mediaType="application/json" postQueryString="false"><con:settings><con:setting id="com.eviware.soapui.impl.wsdl.WsdlRequest@request-headers">&lt;xml-fragment/></con:setting></con:settings><con:endpoint>https://petstore.swagger.io</con:endpoint><con:request/><con:originalUri>https://petstore.swagger.io/v2/pet/2</con:originalUri><con:credentials><con:authType>No Authorization</con:authType></con:credentials><con:jmsConfig JMSDeliveryMode="PERSISTENT"/><con:jmsPropertyConfig/><con:parameters><entry key="id" value="101" xmlns="http://eviware.com/soapui/config"/></con:parameters><con:parameterOrder><con:entry>id</con:entry></con:parameterOrder></con:restRequest></con:config></con:testStep><con:testStep type="groovy" name="Groovy Script" id="6c549f77-56a9-427d-af08-21bd5991f6bf"><con:settings/><con:config><script>import groovy.json.JsonSlurper
//post
testRunner.testCase.testSuite.setPropertyValue("id","3452")
testRunner.testCase.testSuite.setPropertyValue("name","babai")
testRunner.testCase.testSuite.setPropertyValue("tagid","0411")
testRunner.testCase.testSuite.setPropertyValue("tagname","deepu")
testRunner.testCase.testSuite.setPropertyValue("status","pending")
def tCase = testRunner.testCase.testSuite.testCases["TestCase"]

def getIdTestStep = tCase.testSteps["POST"]
def as1=getIdTestStep.run(testRunner,context)
def responseJson = getIdTestStep.testRequest.response.responseContent
log.info(responseJson)

//get
def getIdTestStep1 = tCase.testSteps["GET"]
def as6=getIdTestStep1.run(testRunner,context)
def responseJson1 = getIdTestStep1.testRequest.response.responseContent
JsonSlurper slurper = new JsonSlurper()
def parsedJson = slurper.parseText(responseJson1)
String id1
def flag=0
for(def str:parsedJson)
{
id1=str.id	
if(str.get("tags").get(0).get("name").toString().equals("deepu"))
{
flag=1
break;
}
}
if(flag==1)
{
	log.info(id1)
log.info("posted")
}
else
{
log.info("Not posted")
}

//put

testRunner.testCase.testSuite.setPropertyValue("id","345200")
testRunner.testCase.testSuite.setPropertyValue("name","babai00")
testRunner.testCase.testSuite.setPropertyValue("tagid","041100")
testRunner.testCase.testSuite.setPropertyValue("tagname","deepu000")
testRunner.testCase.testSuite.setPropertyValue("status","pending00")

def getIdTestStep2 = tCase.testSteps["PUT"]
def as2=getIdTestStep2.run(testRunner,context)
def responseJson2 = getIdTestStep2.testRequest.response.responseContent
log.info(responseJson2)
def ass2=as2.getStatus().toString()

//get
def getIdTestStep3 = tCase.testSteps["GET"]
def as7=getIdTestStep3.run(testRunner,context)
def responseJson3 = getIdTestStep3.testRequest.response.responseContent
JsonSlurper slurper1 = new JsonSlurper()
def parsedJson1 = slurper1.parseText(responseJson3)
//log.info(parsedJson1)
//String value10=parsedJson1.body.description
def flag1=0
for(def str1:parsedJson1)
{
if(str1.get("tags").get(0).get("name").equals("deepu000"))
{
flag1=1
}
else
{
flag1=0
}
}
if(flag1==1)
{
log.info("successfully updated")
}
else
{
log.info("Not Updated")
}


//delete
testRunner.testCase.testSuite.setPropertyValue("deleteid",id1)
def getIdTestStep4 = tCase.testSteps["DELETE"]
def as3=getIdTestStep4.run(testRunner,context)
def responseJson4 = getIdTestStep4.testRequest.response.responseContent
//log.info(responseJson4)


//get
def getIdTestStep5 = tCase.testSteps["GET"]
def as8=getIdTestStep5.run(testRunner,context)
def responseJson5 = getIdTestStep5.testRequest.response.responseContent
JsonSlurper slurper3 = new JsonSlurper()
def parsedJson4 = slurper.parseText(responseJson1)
log.info(parsedJson4)
def flag2=0
for(def str6:parsedJson4)
{
if(str6.get("tags").get(0).get("name").equals("deepu000"))
{
flag2=0
}
else
{
flag2=1
}
}
if(flag2==0)
{
log.info("not deleted")
}
else
{
log.info("deleted")
}
</script></con:config></con:testStep><con:loadTest id="e7879d64-5aa4-4170-ba8b-7973bf39f415" name="LoadTest 1"><con:settings/><con:threadCount>10</con:threadCount><con:startDelay>0</con:startDelay><con:sampleInterval>250</con:sampleInterval><con:calculateTPSOnTimePassed>true</con:calculateTPSOnTimePassed><con:resetStatisticsOnThreadCountChange>true</con:resetStatisticsOnThreadCountChange><con:historyLimit>-1</con:historyLimit><con:testLimit>20</con:testLimit><con:limitType>TIME</con:limitType><con:loadStrategy><con:type>Thread</con:type><con:config><startThreadCount>1</startThreadCount><endThreadCount>10</endThreadCount></con:config></con:loadStrategy><con:assertion type="Step Status" name="Step Status"/><con:maxAssertionErrors>100</con:maxAssertionErrors><con:cancelExcessiveThreads>true</con:cancelExcessiveThreads><con:strategyInterval>500</con:strategyInterval></con:loadTest><con:properties/><con:securityTest id="120ef2c5-2ecd-4ab9-81dc-137c3e7b8669" name="SecurityTest 1" failOnError="true"><con:settings/><con:testStepSecurityTest><con:testStepId>f8d327a6-0353-48b5-80b0-2b4d1672909f</con:testStepId><con:testStepSecurityScan type="BoundaryScan" name="Boundary Scan" id="5afe08a1-3ce1-4a25-b98b-8231fd91ee02" applyForFailedStep="false" disabled="false" runOnlyOnce="true"><con:settings/><con:config xsi:nil="true" xmlns:xsi="http://www.w3.org/2001/XMLSchema-instance"/><con:testStep xsi:nil="true" xmlns:xsi="http://www.w3.org/2001/XMLSchema-instance"/><con:checkedParameters xsi:nil="true" xmlns:xsi="http://www.w3.org/2001/XMLSchema-instance"><con:parameters label="202" parameterName="?status" xpath="" checked="true"/></con:checkedParameters><con:executionStrategy xsi:nil="true" xmlns:xsi="http://www.w3.org/2001/XMLSchema-instance"><con:strategy>ONE_BY_ONE</con:strategy><con:delay>100</con:delay></con:executionStrategy></con:testStepSecurityScan></con:testStepSecurityTest><con:properties/></con:securityTest></con:testCase><con:properties><con:property><con:name>id</con:name><con:value>345200</con:value></con:property><con:property><con:name>name</con:name><con:value>babai00</con:value></con:property><con:property><con:name>tagid</con:name><con:value>041100</con:value></con:property><con:property><con:name>tagname</con:name><con:value>deepu000</con:value></con:property><con:property><con:name>status</con:name><con:value>pending00</con:value></con:property><con:property><con:name>deleteid</con:name><con:value>9222968140496915535</con:value></con:property></con:properties></con:testSuite><con:properties/><con:wssContainer/><con:oAuth2ProfileContainer/><con:oAuth1ProfileContainer/><con:sensitiveInformation/></con:soapui-project>